{"lr": [0.009999999776482582, 0.009999999776482582, 0.009999999776482582, 0.009999999776482582, 0.009999999776482582, 0.009999999776482582, 0.009999999776482582, 0.009999999776482582, 0.009999999776482582, 0.0010000000474974513, 0.0010000000474974513, 0.0010000000474974513, 0.0010000000474974513, 0.0010000000474974513, 0.0010000000474974513, 9.999999747378752e-05, 9.999999747378752e-05, 9.999999747378752e-05, 9.999999747378752e-06, 9.999999747378752e-06], "loss": [15.583532333374023, 12.574461936950684, 12.008161544799805, 11.760096549987793, 11.622356414794922, 11.542856216430664, 11.509974479675293, 11.521824836730957, 11.521913528442383, 11.152027130126953, 11.08574390411377, 11.055074691772461, 11.044587135314941, 11.042888641357422, 11.04080867767334, 10.928245544433594, 10.957290649414062, 10.9635009765625, 10.933509826660156, 10.957708358764648], "accuracy": [0.09395871311426163, 0.2954927980899811, 0.37744006514549255, 0.41846707463264465, 0.4420982301235199, 0.4567447304725647, 0.4639725983142853, 0.4646487534046173, 0.46626418828964233, 0.5181885957717896, 0.5282427072525024, 0.5328318476676941, 0.5347641110420227, 0.5351906418800354, 0.535712480545044, 0.5511007905006409, 0.547285258769989, 0.5466867685317993, 0.5504327416419983, 0.5474094152450562], "lfw": [0.9173333333333333, 0.9323333333333333, 0.9383333333333334, 0.9321666666666667, 0.9436666666666667, 0.9366666666666666, 0.9391666666666667, 0.9401666666666667, 0.9428333333333333, 0.9488333333333333, 0.9465, 0.9465, 0.9466666666666667, 0.9506666666666667, 0.9483333333333334, 0.9478333333333333, 0.949, 0.9501666666666667, 0.9506666666666667, 0.9486666666666667], "lfw_thresh": [0.3634146749973297, 0.3663606643676758, 0.37295666337013245, 0.3776586651802063, 0.3289288580417633, 0.34760090708732605, 0.33004486560821533, 0.34944891929626465, 0.34057849645614624, 0.34979721903800964, 0.3367169201374054, 0.315274715423584, 0.34722185134887695, 0.33286547660827637, 0.3465842604637146, 0.3235948383808136, 0.3332156836986542, 0.32919296622276306, 0.3471778631210327, 0.31891995668411255], "cfp_fp": [0.7245714285714285, 0.7295714285714285, 0.7547142857142857, 0.7515714285714286, 0.7652857142857142, 0.7574285714285715, 0.7575714285714286, 0.7557142857142857, 0.77, 0.7658571428571429, 0.7687142857142857, 0.7644285714285715, 0.7712857142857142, 0.767, 0.7632857142857142, 0.7738571428571429, 0.7758571428571429, 0.7641428571428571, 0.7792857142857142, 0.78], "cfp_fp_thresh": [0.2947571873664856, 0.3325357437133789, 0.2695370316505432, 0.31390270590782166, 0.2579684853553772, 0.3038387596607208, 0.28114181756973267, 0.2664564251899719, 0.23063306510448456, 0.2771373987197876, 0.2578161358833313, 0.24716882407665253, 0.24167123436927795, 0.26029303669929504, 0.2449246644973755, 0.28527411818504333, 0.23221096396446228, 0.2658153772354126, 0.2524241507053375, 0.2385067641735077], "agedb_30": [0.6451666666666667, 0.6666666666666666, 0.7126666666666667, 0.6641666666666667, 0.7043333333333334, 0.7008333333333333, 0.7276666666666667, 0.6998333333333333, 0.7113333333333334, 0.7365, 0.7271666666666666, 0.7128333333333333, 0.7285, 0.719, 0.7406666666666667, 0.7393333333333333, 0.745, 0.7295, 0.7511666666666666, 0.737], "agedb_30_thresh": [0.41865652799606323, 0.4106978178024292, 0.38805899024009705, 0.49362993240356445, 0.3955612778663635, 0.4080235958099365, 0.3989139199256897, 0.40488719940185547, 0.393515408039093, 0.3472259044647217, 0.3423018157482147, 0.37683790922164917, 0.3926072120666504, 0.3908049464225769, 0.3651087284088135, 0.3328118920326233, 0.3610408306121826, 0.36217498779296875, 0.32376453280448914, 0.3431200385093689]}